{
   "Alignment" : null,
   "Point" : null,
   "actors" : [
      {
         "Alignment" : [ 0, 0 ],
         "Alpha" : 1.0,
         "Angle" : 0.0,
         "Colour" : 4294967295,
         "Flip" : 0,
         "Position" : [ 0.0, 0.0 ],
         "Scale" : [ 1.200000047683716, 1.200000047683716 ],
         "Shown" : true,
         "sprite" : "white_glow",
         "type" : 1,
         "uid" : 2
      }
   ],
   "customvariables" : null,
   "labels" : null,
   "stageOptions" : {
      "SpriteInfo" : [
         {
            "SpriteInfo" : "white_glow",
            "Texture" : "lobby_screen"
         }
      ],
      "StageLength" : 9.979166030883789,
      "Version" : 1
   },
   "timelines" : [
      {
         "spriteuid" : 2,
         "stage" : [
            {
               "Alignment" : [ 0, 0 ],
               "Alpha" : 1.0,
               "Angle" : 0.0,
               "Colour" : 4294967295,
               "Flip" : 0,
               "Position" : [ 0.0, 0.0 ],
               "Scale" : [ 1.200000047683716, 1.200000047683716 ],
               "Shown" : true,
               "Time" : 0.0
            },
            {
               "Alignment" : [ 0, 0 ],
               "Alpha" : 1.0,
               "Angle" : 360.0,
               "Colour" : 4294967295,
               "Flip" : 0,
               "Position" : [ 0.0, 0.0 ],
               "Scale" : [ 1.200000047683716, 1.200000047683716 ],
               "Shown" : true,
               "Time" : 9.979166030883789
            }
         ]
      }
   ]
}
