{
   "Alignment" : null,
   "Point" : null,
   "actors" : [
      {
         "Alignment" : [ 0, 0 ],
         "Alpha" : 0.0,
         "Angle" : 0.0,
         "Colour" : 16777215,
         "Flip" : 0,
         "Position" : [ 0.0, 0.0 ],
         "Scale" : [ 1.399999976158142, 1.399999976158142 ],
         "Shown" : true,
         "sprite" : "_sight.json",
         "type" : 2,
         "uid" : 4
      }
   ],
   "customvariables" : null,
   "labels" : null,
   "stageOptions" : {
      "SpriteInfo" : [
         {
            "SpriteInfo" : "_sight.json",
            "Texture" : "InGame"
         }
      ],
      "StageLength" : 0.8845485448837280,
      "Version" : 1
   },
   "timelines" : [
      {
         "spriteuid" : 4,
         "stage" : [
            {
               "Alignment" : [ 0, 0 ],
               "Alpha" : 0.0,
               "Angle" : 0.0,
               "Colour" : 16777215,
               "Flip" : 0,
               "Position" : [ 0.0, 0.0 ],
               "Scale" : [ 1.399999976158142, 1.399999976158142 ],
               "Shown" : true,
               "Time" : 0.0
            },
            {
               "Alignment" : [ 0, 0 ],
               "Alpha" : 1.0,
               "Angle" : 0.0,
               "Colour" : 4294967295,
               "Flip" : 0,
               "Position" : [ 0.0, 0.0 ],
               "Scale" : [ 0.6000000238418579, 0.6000000238418579 ],
               "Shown" : true,
               "Time" : 0.1501736193895340
            },
            {
               "Alignment" : [ 0, 0 ],
               "Alpha" : 1.0,
               "Angle" : 0.0,
               "Colour" : 4294967295,
               "Flip" : 0,
               "Position" : [ 0.0, 0.0 ],
               "Scale" : [ 0.6000000238418579, 0.6000000238418579 ],
               "Shown" : true,
               "Time" : 0.4522569477558136
            },
            {
               "Alignment" : [ 0, 0 ],
               "Alpha" : 0.0,
               "Angle" : 0.0,
               "Colour" : 16777215,
               "Flip" : 0,
               "Position" : [ 0.0, 0.0 ],
               "Scale" : [ 0.6000000238418579, 0.6000000238418579 ],
               "Shown" : true,
               "Time" : 0.5963541269302368
            }
         ]
      }
   ]
}
