{
   "Alignment" : null,
   "Point" : null,
   "actors" : [
      {
         "Alignment" : [ 0, 0 ],
         "Alpha" : 0.0,
         "Angle" : 0.0,
         "Colour" : 16777215,
         "Flip" : 0,
         "Position" : [ -0.0, -0.0 ],
         "Scale" : [ 0.3000000119209290, 0.3000000119209290 ],
         "Shown" : true,
         "sprite" : "swamp_ripple",
         "type" : 1,
         "uid" : 7
      }
   ],
   "customvariables" : null,
   "events" : null,
   "labels" : null,
   "stageOptions" : {
      "SpriteInfo" : [
         {
            "SpriteInfo" : "swamp_ripple",
            "Texture" : "swamp"
         }
      ],
      "StageLength" : 0.2,
      "Version" : 1
   },
   "timelines" : [
      {
         "spriteuid" : 7,
         "stage" : [
            {
               "Alignment" : [ 0, 0 ],
               "Alpha" : 0.0,
               "Angle" : 0.0,
               "Colour" : 16777215,
               "Flip" : 0,
               "Position" : [ -0.0, -0.0 ],
               "Scale" : [ 0.3000000119209290, 0.3000000119209290 ],
               "Shown" : true,
               "Time" : 0.0
            },
            {
               "Alignment" : [ 0, 0 ],
               "Alpha" : 0.0,
               "Angle" : 0.0,
               "Colour" : 16777215,
               "Flip" : 0,
               "Position" : [ -0.0, -0.0 ],
               "Scale" : [ 1.200000047683716, 1.200000047683716 ],
               "Shown" : true,
               "Time" : 0.2040816396474838
            },
            {
               "Alignment" : [ 0, 0 ],
               "Alpha" : 1.0,
               "Angle" : 0.0,
               "Colour" : 4294967295,
               "Flip" : 0,
               "Position" : [ 0.0, 0.0 ],
               "Scale" : [ 0.7200000286102295, 0.7200000286102295 ],
               "Shown" : true,
               "Time" : 0.0952380970120430
            }
         ]
      }
   ]
}
